{"cameraMode":{"drawMode":0,"name":"Shaded","section":"Shading Mode"},"sceneLighting":false,"audioPlay":false,"sceneViewState":{"m_AlwaysRefresh":false,"showFog":false,"showSkybox":false,"showFlares":false,"showImageEffects":false,"showParticleSystems":false,"showVisualEffectGraphs":true,"m_FxEnabled":true},"in2DMode":false,"pivot":{"x":0.027372002601623536,"y":1.1277650594711304,"z":0.14814382791519166},"rotation":{"x":-0.12264250963926316,"y":0.4711906611919403,"z":-0.06636126339435578,"w":-0.8709605932235718},"size":1.7372983694076539,"orthographic":false}