{"cameraMode":{"drawMode":0,"name":"Shaded","section":"Shading Mode"},"sceneLighting":false,"audioPlay":false,"sceneViewState":{"m_AlwaysRefresh":false,"showFog":false,"showSkybox":false,"showFlares":false,"showImageEffects":false,"showParticleSystems":false,"showVisualEffectGraphs":true,"m_FxEnabled":true},"in2DMode":false,"pivot":{"x":0.027371883392333986,"y":1.1134870052337647,"z":0.06560534238815308},"rotation":{"x":-0.12264250963926316,"y":0.4711906611919403,"z":-0.06636126339435578,"w":-0.8709605932235718},"size":1.7232285737991334,"orthographic":false}