{"cameraMode":{"drawMode":0,"name":"Shaded","section":"Shading Mode"},"sceneLighting":false,"audioPlay":false,"sceneViewState":{"m_AlwaysRefresh":false,"showFog":false,"showSkybox":false,"showFlares":false,"showImageEffects":false,"showParticleSystems":false,"showVisualEffectGraphs":true,"m_FxEnabled":true},"in2DMode":false,"pivot":{"x":1.8230129480361939,"y":1.1262037754058838,"z":-0.041969627141952518},"rotation":{"x":-0.2084280550479889,"y":-0.3072788417339325,"z":0.06915132701396942,"w":-0.9259665608406067},"size":1.9168685674667359,"orthographic":false}