{"cameraMode":{"drawMode":0,"name":"Shaded","section":"Shading Mode"},"sceneLighting":false,"audioPlay":false,"sceneViewState":{"m_AlwaysRefresh":false,"showFog":false,"showSkybox":false,"showFlares":false,"showImageEffects":false,"showParticleSystems":false,"showVisualEffectGraphs":true,"m_FxEnabled":true},"in2DMode":false,"pivot":{"x":0.30044645071029665,"y":0.8816432952880859,"z":1.178378939628601},"rotation":{"x":-0.006615743041038513,"y":0.9654833674430847,"z":-0.024622345343232156,"w":-0.25941792130470278},"size":1.1975576877593995,"orthographic":false}