{"cameraMode":{"drawMode":0,"name":"Shaded","section":"Shading Mode"},"sceneLighting":false,"audioPlay":false,"sceneViewState":{"m_AlwaysRefresh":false,"showFog":false,"showSkybox":false,"showFlares":false,"showImageEffects":false,"showParticleSystems":false,"showVisualEffectGraphs":true,"m_FxEnabled":true},"in2DMode":false,"pivot":{"x":0.027371883392333986,"y":1.125730037689209,"z":-0.0419696569442749},"rotation":{"x":-0.06082634627819061,"y":-0.9390667080879211,"z":0.22981512546539308,"w":-0.24874459207057954},"size":1.916564702987671,"orthographic":false}