{"cameraMode":{"drawMode":0,"name":"Shaded","section":"Shading Mode"},"sceneLighting":false,"audioPlay":false,"sceneViewState":{"m_AlwaysRefresh":false,"showFog":false,"showSkybox":false,"showFlares":false,"showImageEffects":false,"showParticleSystems":false,"showVisualEffectGraphs":true,"m_FxEnabled":true},"in2DMode":false,"pivot":{"x":1.8230129480361939,"y":1.1262037754058838,"z":-0.04196953773498535},"rotation":{"x":0.12668029963970185,"y":0.7090276479721069,"z":-0.13187991082668305,"w":0.6810784339904785},"size":1.916868805885315,"orthographic":false}