{"cameraMode":{"drawMode":0,"name":"Shaded","section":"Shading Mode"},"sceneLighting":false,"audioPlay":false,"sceneViewState":{"m_AlwaysRefresh":false,"showFog":false,"showSkybox":false,"showFlares":false,"showImageEffects":false,"showParticleSystems":false,"showVisualEffectGraphs":true,"m_FxEnabled":true},"in2DMode":false,"pivot":{"x":1.8000459671020508,"y":1.0828478336334229,"z":-0.04387950897216797},"rotation":{"x":0.08603817224502564,"y":-0.8987955451011658,"z":0.20458827912807465,"w":0.37800416350364687},"size":1.6950509548187256,"orthographic":false}