{"cameraMode":{"drawMode":0,"name":"Shaded","section":"Shading Mode"},"sceneLighting":false,"audioPlay":false,"sceneViewState":{"m_AlwaysRefresh":false,"showFog":false,"showSkybox":false,"showFlares":false,"showImageEffects":false,"showParticleSystems":false,"showVisualEffectGraphs":true,"m_FxEnabled":true},"in2DMode":false,"pivot":{"x":1.8311594724655152,"y":1.098242998123169,"z":0.05054369568824768},"rotation":{"x":0.08603817224502564,"y":-0.8987955451011658,"z":0.20458827912807465,"w":0.37800416350364687},"size":1.7423834800720215,"orthographic":false}