{"cameraMode":{"drawMode":0,"name":"Shaded","section":"Shading Mode"},"sceneLighting":false,"audioPlay":false,"sceneViewState":{"m_AlwaysRefresh":false,"showFog":false,"showSkybox":false,"showFlares":false,"showImageEffects":false,"showParticleSystems":false,"showVisualEffectGraphs":true,"m_FxEnabled":true},"in2DMode":false,"pivot":{"x":1.8230129480361939,"y":1.1262037754058838,"z":-0.041969627141952518},"rotation":{"x":-0.27920418977737429,"y":-0.19082899391651154,"z":0.0567050464451313,"w":-0.9394000172615051},"size":1.9168685674667359,"orthographic":false}